id,prediction,confidence
0,4,0.9818366
1,4,0.9999794
2,4,0.99996686
3,4,0.999995
4,4,0.99803036
5,2,0.8350576
6,3,0.99971384
7,2,0.99993014
8,2,0.9993088
9,3,0.99863714
10,0,0.99977404
11,2,0.9140054
12,4,0.9999646
13,4,0.9999186
14,3,0.9892005
15,4,0.7847115
16,4,0.9924061
17,3,0.9999962
18,4,0.9996798
19,3,0.9963703
20,4,0.9999846
21,4,0.9956482
22,4,0.99988115
23,4,0.9998393
24,4,0.5315469
25,4,0.58338815
26,4,0.9999912
27,3,0.9976634
28,1,0.9985079
29,3,0.9911761
30,4,0.9989235
31,4,0.99934536
32,4,0.9992772
33,4,0.99997056
34,3,0.78312874
35,4,0.99992955
36,2,0.9974757
37,4,0.99951446
38,3,0.5635654
39,4,0.9999553
40,3,0.57015795
41,2,0.98536104
42,1,0.9601963
43,4,0.99258465
44,4,0.9999956
45,4,0.9983968
46,3,0.9944254
47,4,0.9999993
48,4,0.9996393
49,1,0.94357044
50,4,0.969203
51,3,0.99748284
52,3,0.94458234
53,3,0.9989328
54,4,0.9969459
55,4,0.8513333
56,3,0.9999658
57,3,0.99846846
58,4,0.9898489
59,4,0.99975115
60,4,0.9904236
61,2,0.9256729
62,2,0.9998616
63,4,0.9998834
64,3,0.999188
65,4,0.9994615
66,4,0.9999896
67,4,0.9999728
68,4,0.9944496
69,2,0.99999166
70,4,0.9890215
71,4,0.99877936
72,4,0.999617
73,4,0.9834849
74,2,0.96617156
75,4,0.99854505
76,2,0.9999943
77,4,0.98814607
78,2,0.992273
79,3,0.9999994
80,4,0.981832
81,4,0.9915324
82,2,0.99993014
83,4,0.9940772
84,3,0.9991899
85,4,0.6800223
86,3,0.9789202
87,2,0.99768233
88,2,0.98370475
89,4,0.9999925
90,4,0.9928289
91,4,0.9997067
92,4,0.98648167
93,3,0.99965775
94,3,0.9258613
95,4,0.9998807
96,4,0.99993193
97,2,0.9994868
98,3,0.7254579
99,4,0.99997723
100,3,0.9999777
101,4,0.9180807
102,4,0.9999949
103,4,0.9872944
104,3,0.8586578
105,4,0.9999633
106,2,0.99997675
107,4,0.99999166
108,4,0.99981624
109,3,0.89676356
110,4,0.98638445
111,0,0.9999999
112,4,0.99943846
113,4,0.9999186
114,2,0.9998
115,4,0.9999919
116,3,0.99968684
117,4,0.99982125
118,3,1.0
119,3,0.5351407
120,1,0.98751616
121,2,0.99999154
122,3,0.611074
123,4,0.97991985
124,2,0.9110623
125,4,0.7348257
126,3,0.7355191
127,4,0.99998236
128,3,0.9998461
129,3,0.9999982
130,2,0.6009006
131,4,0.55464774
132,2,0.67780167
133,3,0.99004143
134,4,0.999859
135,3,0.98735446
136,4,0.99939966
137,3,0.89202136
138,4,0.99655354
139,2,0.99992096
140,4,0.98433936
141,3,0.99995065
142,3,0.9867871
143,4,0.9998282
144,4,0.9996648
145,3,0.6996992
146,2,0.999998
147,4,0.99981266
148,3,0.9742993
149,4,0.9997398
150,4,0.99696475
151,3,0.99611557
152,4,0.99999976
153,3,0.9999665
154,4,0.99999034
155,1,0.8169709
156,4,0.9749877
157,4,0.999946
158,4,0.9999975
159,3,0.8504936
160,4,0.9999926
161,3,0.9936767
162,4,0.99999833
163,4,0.9994648
164,3,0.99932015
165,4,0.691307
166,4,0.9999485
167,4,0.6434184
168,2,0.96212643
169,4,0.9990395
170,3,0.9999378
171,1,0.99940515
172,4,0.9999925
173,4,0.99980205
174,4,0.99999845
175,3,0.77951825
176,4,0.9936413
177,2,0.99720806
178,4,0.99914575
179,4,0.99998474
180,4,0.9999964
181,4,0.99996185
182,4,0.99947983
183,4,0.99593484
184,4,0.9998838
185,4,0.9996443
186,3,0.9983834
187,4,0.99422413
188,4,0.9999784
189,3,0.9806723
190,4,0.9998016
191,2,0.99713933
192,4,0.9999995
193,3,0.9892526
194,4,0.99999046
195,0,0.9999348
196,1,0.48032862
197,4,0.8468741
198,1,0.999899
199,4,0.9992618
200,3,0.53265655
201,3,0.77136755
202,4,0.8942747
203,4,0.99987614
204,4,0.98994803
205,4,0.999933
206,1,0.9999682
207,3,0.85049504
208,4,0.99879396
209,4,0.99750286
210,4,0.9999987
211,4,0.99943155
212,2,0.9997912
213,2,0.4073522
214,3,0.79730046
215,3,0.6035542
216,3,0.9988016
217,4,0.9995932
218,4,0.9999547
219,0,0.98908037
220,4,0.53579575
221,2,0.9987575
222,4,0.9995172
223,4,0.99811745
224,3,0.9999713
225,0,0.99994195
226,4,0.9851136
227,4,0.916916
228,2,0.9999951
229,4,0.99999464
230,1,0.9979533
231,2,0.99998
232,4,0.9989171
233,3,0.97781986
234,4,0.99839336
235,4,0.51364887
236,3,0.99992454
237,4,0.9999716
238,4,0.9407335
239,4,0.9997758
240,4,0.99572104
241,4,0.99630666
242,3,0.6249377
243,4,0.999925
244,4,0.9826575
245,3,0.9808473
246,4,0.9992568
247,4,0.9999856
248,4,0.9999043
249,4,0.9889236
250,3,0.99767786
251,1,0.9791038
252,2,0.9998091
253,4,0.9955571
254,3,0.86574316
255,3,0.9999759
256,4,0.8512731
257,2,0.99343455
258,4,0.9959705
259,2,0.73526204
260,3,0.7133834
261,4,0.96702117
262,2,0.99788046
263,4,0.9992601
264,4,0.9729831
265,2,0.99216545
266,4,0.992811
267,4,0.9996357
268,3,0.75310594
269,4,0.9999268
270,4,0.9999981
271,4,0.8759143
272,3,0.9492222
273,4,0.999998
274,0,0.96208274
275,4,0.99902546
276,4,0.8759284
277,3,0.9945851
278,1,0.88762796
279,4,0.99842227
280,4,0.997297
281,4,0.9999833
282,4,0.9999083
283,2,0.95982283
284,4,0.99999416
285,4,0.9999969
286,4,0.84751475
287,2,0.9931677
288,2,0.9999584
289,4,0.9999548
290,4,0.99999034
291,4,0.99925977
292,3,0.9026457
293,3,0.99911374
294,3,0.99773186
295,4,0.99995625
296,4,0.9998648
297,2,0.9995901
298,4,0.9944323
299,2,0.98942715
300,4,0.99945277
301,3,0.9996177
302,3,0.97028315
303,4,0.99993443
304,4,0.9999448
305,3,0.9914648
306,3,0.8724273
307,3,0.709122
308,4,0.89107937
309,4,0.9998702
310,0,0.9997248
311,4,0.9999769
312,4,0.9992729
313,4,0.95543385
314,4,0.98371744
315,4,0.9999981
316,2,0.9991755
317,4,0.9994961
318,4,0.9999372
319,2,0.9999695
320,2,0.76505125
321,3,0.5733174
322,4,0.5558029
323,2,0.90322304
324,2,0.9859541
325,4,0.970911
326,4,0.99997365
327,4,0.9963109
328,4,0.96186143
329,4,0.9952803
330,4,0.9980811
331,3,0.9986784
332,4,0.89718676
333,2,0.99946207
334,3,0.9874943
335,3,0.9975037
336,4,0.994503
337,0,0.99998677
338,4,0.9999987
339,3,0.9999851
340,4,0.9913488
341,2,0.99992406
342,4,0.999495
343,4,0.9897748
344,1,0.96556026
345,4,0.9999938
346,4,0.99998975
347,2,0.37809283
348,4,0.99987495
349,4,0.99997425
350,4,0.99998355
351,0,0.9566213
352,4,0.5670314
353,4,0.9999893
354,2,0.9999622
355,4,0.97084177
356,4,0.9131233
357,4,0.9994962
358,4,0.9883874
359,4,0.99999774
360,1,0.55195683
361,4,0.99964523
362,4,0.99946505
363,2,0.66268194
364,3,0.99994326
365,3,0.998382
366,2,0.7558548
367,3,0.9945273
368,4,0.9999747
369,3,0.9999385
370,0,1.0
371,3,0.9999969
372,3,0.974275
373,4,0.9996939
374,1,0.99991274
375,4,0.99995375
376,3,0.999597
377,4,0.99590427
378,4,0.9967998
379,3,0.5246735
380,3,0.99788135
381,0,0.5078906
382,4,0.8960666
383,3,0.9999995
384,4,0.98561734
385,4,0.99999785
386,4,0.99980265
387,3,0.95319796
388,3,0.9999416
389,4,0.99753076
390,3,0.59077543
391,4,0.5159583
392,4,0.99998987
393,4,0.9998566
394,4,0.99998057
395,4,0.9999794
396,3,0.99777067
397,4,0.9992729
398,2,0.92879295
399,4,0.99997675
400,4,0.9999995
401,2,0.9999962
402,4,0.99994826
403,4,0.99951684
404,4,0.99914885
405,3,0.99999964
406,4,0.627889
407,3,0.99863726
408,4,0.9997894
409,4,0.9991856
410,4,0.999998
411,4,0.9999982
412,3,0.9305482
413,4,0.6856857
414,3,0.99999905
415,3,0.99900395
416,3,0.99961746
417,2,0.99999774
418,4,0.99996006
419,4,0.9999945
420,4,0.99999845
421,4,0.9996171
422,4,0.9959853
423,3,0.9999962
424,4,0.9999846
425,4,0.9170269
426,2,0.9994972
427,4,0.99999475
428,3,0.9998116
429,4,0.9999877
430,4,0.9999621
431,3,0.635386
432,4,0.9996226
433,2,0.9820645
434,3,0.73623765
435,3,0.99922526
436,4,0.876131
437,3,0.99831676
438,4,0.99992204
439,4,0.9906262
440,4,0.999998
441,4,0.9999038
442,4,0.99979454
443,4,0.996581
444,2,0.8380656
445,4,0.9918847
446,2,0.99998224
447,3,0.9988833
448,2,0.9999399
449,3,0.9981421
450,4,0.99999654
451,3,0.91461617
452,2,0.98440534
453,4,0.99997735
454,4,0.892274
455,4,0.9997042
456,3,0.98826396
457,3,0.99671483
458,4,0.9969511
459,4,0.9998741
460,4,0.9999746
461,3,0.99870753
462,4,0.9996051
463,3,0.99782383
464,4,0.9999826
465,4,0.9999839
466,4,0.99953806
467,4,0.9999926
468,3,0.9154
469,3,0.9999976
470,4,0.9997913
471,3,0.97502536
472,4,0.9999622
473,3,0.9997354
474,3,0.9998253
475,4,0.8745226
476,0,0.8159511
477,4,0.9955896
478,3,0.97777766
479,3,0.952247
480,1,0.9999995
481,4,0.9719963
482,4,0.99998975
483,4,0.948112
484,4,0.99996614
485,4,0.9995933
486,4,0.98344696
487,3,0.9996985
488,1,0.99273235
489,3,0.9959103
490,2,0.99758387
491,3,0.57538754
492,3,0.761117
493,4,0.99999917
494,4,0.9944199
495,2,0.7292803
496,2,0.96343905
497,2,0.99975175
498,4,0.99997866
499,2,0.7025387
500,2,0.9946221
501,4,0.9997254
502,4,0.9990971
503,3,0.99952364
504,4,0.999969
505,1,0.9999083
506,4,0.99990773
507,4,0.9999919
508,4,0.9997888
509,3,0.998926
510,4,0.99990773
511,2,0.98781323
512,4,0.9946238
513,2,0.5456727
514,4,0.99872094
515,4,0.9924582
516,2,0.64984286
517,4,0.9999995
518,4,0.99995863
519,2,0.9999968
520,4,0.99999356
521,2,0.9902166
522,2,0.7311191
523,2,0.9868622
524,2,0.99679846
525,2,0.99490273
526,4,0.9999995
527,3,0.9973947
528,2,0.99993014
529,2,0.97086316
530,4,0.999701
531,4,0.9994887
532,4,0.99998784
533,3,0.50992924
534,4,0.99958616
535,2,0.9999933
536,4,0.7058385
537,3,0.9964742
538,3,0.9800291
539,0,0.99999976
540,4,0.9999938
541,4,0.98816806
542,4,0.9999825
543,4,0.99985385
544,4,0.999987
545,3,0.9979279
546,4,0.99959713
547,2,0.9999962
548,4,0.9504611
549,4,0.62045705
550,3,0.99965763
551,3,0.9999895
552,3,0.99863726
553,2,0.73082423
554,4,0.9995352
555,4,0.999943
556,1,0.99852765
557,4,0.9964295
558,4,0.99639386
559,4,0.9999975
560,4,0.55851054
561,4,0.9999323
562,2,0.9997727
563,2,0.99515605
564,4,0.9999913
565,3,0.8966228
566,3,0.9541351
567,4,0.9999485
568,4,0.9812618
569,3,0.8875299
570,4,0.999998
571,4,0.9999671
572,4,0.9999212
573,2,0.99879164
574,4,0.99972206
575,2,0.99995196
576,4,0.9999827
577,4,0.9998197
578,4,0.96171224
579,4,0.99998045
580,3,0.70341754
581,2,0.9978498
582,4,0.99980515
583,2,0.9991555
584,4,0.98032135
585,4,0.99991655
586,4,0.83576643
587,4,0.99999416
588,3,0.99999905
589,4,0.9987062
590,3,0.9970703
591,4,0.8415423
592,4,0.9995727
593,4,0.9999876
594,4,0.99992645
595,4,0.74019647
596,4,0.9997906
597,4,0.99995816
598,2,0.9561968
599,3,0.9978849
600,3,0.99863726
601,4,0.9999957
602,4,0.99999094
603,2,0.99081004
604,3,0.9999999
605,2,0.99899
606,4,0.99981135
607,3,0.99999297
608,3,0.50538784
609,4,0.99837446
610,4,0.99994063
611,4,0.9966017
612,2,0.995846
613,1,0.67751026
614,4,0.99967325
615,3,0.98551416
616,4,0.65621966
617,3,0.9951514
618,4,0.97727865
619,4,0.999984
620,4,0.8012621
621,4,0.9999906
622,4,0.99992204
623,3,0.9149326
624,3,0.9356344
625,4,0.96867204
626,2,0.9999995
627,3,0.9991025
628,2,0.9993998
629,0,0.9926472
630,4,0.99917334
631,4,0.9504792
632,4,0.9999728
633,4,0.9999647
634,3,0.6394022
635,4,0.75804144
636,2,0.9986615
637,4,0.999987
638,3,0.9999999
639,4,0.84783036
640,4,0.99983585
641,3,0.998329
642,4,0.9988355
643,4,0.9999989
644,4,0.99991405
645,3,0.9546285
646,2,0.97230715
647,4,0.999979
648,4,0.99997354
649,2,0.987528
650,4,0.9999943
651,3,0.59140056
652,3,0.9999801
653,3,0.9993641
654,4,0.9997969
655,2,0.99982566
656,4,0.9999398
657,4,0.9999832
658,4,0.9321103
659,4,0.99999845
660,1,0.9991749
661,4,0.95974696
662,2,0.9999908
663,4,0.9951297
664,4,0.9999176
665,2,0.75240403
666,2,0.9815918
667,4,0.99999416
668,4,0.9836578
669,2,0.59877855
670,4,0.99999857
671,2,0.99962485
672,2,0.84569615
673,2,0.99919516
674,4,0.9997092
675,0,0.97562635
676,2,0.9999889
677,4,0.9999976
678,4,0.99996936
679,3,0.9961228
680,2,0.9775032
681,4,0.99810565
682,4,0.99999964
683,4,0.78523344
684,4,0.9996917
685,4,0.9999218
686,4,0.9995727
687,4,0.999777
688,4,0.9998528
689,4,0.99999404
690,4,0.99949014
691,3,0.9713208
692,4,0.9136662
693,4,0.9998047
694,1,0.9999665
695,3,0.7004878
696,3,0.9891939
697,0,0.5594698
698,4,0.999926
699,2,0.9998429
700,4,0.99922776
701,1,0.9999871
702,2,0.9999982
703,4,0.99993765
704,4,0.9942703
705,4,0.9951691
706,4,0.99951065
707,4,0.9998282
708,4,0.5949413
709,2,0.99993014
710,3,0.9574957
711,4,0.89928365
712,3,0.99954444
713,4,0.9999765
714,4,0.9999981
715,4,0.99947983
716,4,0.9986156
717,1,0.8546561
718,3,0.9974081
719,4,0.9990971
720,3,0.999835
721,4,0.9983103
722,4,0.89355296
723,4,0.999997
724,4,0.9999578
725,4,0.9998416
726,4,0.99916494
727,3,0.68924594
728,3,0.56883305
729,4,0.99991786
730,3,0.7523205
731,4,0.99925977
732,3,0.9340313
733,4,0.99999404
734,3,0.99999523
735,2,0.9999099
736,3,0.89701396
737,4,0.99966
738,4,0.99999034
739,2,0.8609084
740,2,0.9999633
741,3,0.9996543
742,4,0.9999485
743,4,0.99813205
744,4,0.99999046
745,4,0.99111193
746,3,0.999897
747,2,0.9999691
748,3,0.99999523
749,4,0.9998808
750,4,0.9999958
751,4,0.99968827
752,4,0.9999951
753,4,0.9997024
754,4,0.99981993
755,2,0.99311453
756,2,0.99901223
757,4,0.99971646
758,4,0.9999367
759,3,0.98803025
760,4,0.9546622
761,4,0.99997294
762,1,0.99943775
763,0,0.9983542
764,4,0.9996393
765,3,0.8753781
766,4,0.9980102
767,4,0.91212237
768,4,0.9979444
769,4,0.9842866
770,4,0.99369
771,3,0.9658346
772,3,0.8331211
773,2,0.9855291
774,4,0.9999994
775,4,0.8759284
776,3,0.99432063
777,4,0.99993193
778,3,0.9999962
779,3,0.9996815
780,3,0.9915993
781,4,0.99999845
782,3,0.9999969
783,4,0.8275575
784,3,0.9935515
785,4,0.9999685
786,4,0.8648964
787,4,0.9996551
788,3,0.6848423
789,3,0.99530977
790,4,0.99972063
791,4,0.9993911
792,0,0.99937135
793,3,0.99824214
794,4,0.9999726
795,0,0.9999428
796,4,0.9994186
797,3,0.99999654
798,3,0.9901045
799,2,0.999997
800,4,0.9999943
801,4,0.99881375
802,3,0.56747866
803,4,0.9999021
804,2,0.85226125
805,4,0.99987805
806,4,0.9999685
807,4,0.99984694
808,1,0.99299735
809,3,0.97604173
810,0,0.99999046
811,0,0.99656624
812,4,0.9998392
813,3,0.883621
814,4,0.9998797
815,4,0.99999285
816,4,0.95323193
817,4,0.9999248
818,4,0.99998057
819,1,0.998711
820,4,0.9994554
821,2,0.94039327
822,4,0.97734183
823,1,0.9945028
824,2,0.99073505
825,0,0.99999857
826,3,0.9864624
827,3,0.99996436
828,4,0.99998415
829,3,0.84413546
830,4,0.99998987
831,3,0.982057
832,4,0.99819106
833,4,0.9998882
834,4,0.9998883
835,4,0.9999771
836,4,0.9996063
837,1,0.9258003
838,4,0.9999485
839,4,0.9999995
840,3,0.48038384
841,4,0.9996172
842,4,0.999998
843,2,0.999915
844,4,0.99999404
845,4,0.99675745
846,4,0.9993262
847,4,0.9978331
848,4,0.9999987
849,4,0.99969316
850,3,0.9852423
851,1,0.9981674
852,4,0.8897826
853,4,0.99982315
854,4,0.99999046
855,3,0.9738709
856,3,1.0
857,2,0.9999893
858,0,0.75209635
859,4,0.9675024
860,4,0.8812508
861,1,0.9992816
862,2,0.99869776
863,4,0.9999908
864,3,0.99728966
865,4,0.99986684
866,4,0.9947088
867,4,0.99963593
868,3,0.6259188
869,2,0.97246695
870,4,0.9945861
871,4,0.99997914
872,3,0.99999833
873,3,0.97912824
874,4,0.99972504
875,4,0.99999857
876,4,0.99941015
877,4,0.9558127
878,4,0.87591344
879,3,0.97785074
880,3,0.99998355
881,4,0.99998283
882,4,0.9991617
883,4,0.9999995
884,4,0.9998584
885,3,0.97448164
886,0,0.99995077
887,2,0.9955707
888,4,0.9998419
889,1,0.99999976
890,2,0.93455833
891,4,0.8802345
892,4,0.9999443
893,2,0.9902227
894,4,0.9996171
895,4,0.9999907
896,3,0.96885455
897,4,0.6315817
898,4,0.9848069
899,4,0.9998659
900,4,0.86442685
901,3,0.99975425
902,3,0.7174886
903,4,0.99986017
904,1,0.7159672
905,3,0.9999949
906,4,0.99949205
907,4,0.9999443
908,4,0.9999943
909,4,0.99999356
910,2,0.6167665
911,2,0.9999058
912,3,0.9621656
913,3,0.9993117
914,2,0.9999927
915,2,0.9707149
916,4,0.9917168
917,3,0.72545075
918,4,0.9995352
919,2,0.7916959
920,2,0.99979264
921,2,0.91831213
922,3,0.99783677
923,3,0.9999924
924,4,0.9997547
925,4,0.99948275
926,3,0.9999777
927,4,0.9987921
928,0,0.9999839
929,4,0.9988626
930,0,0.9999982
931,4,0.99999344
932,2,0.9286466
933,4,0.999231
934,4,0.99975115
935,4,0.99861526
936,4,0.9788352
937,3,0.9998247
938,4,0.9997867
939,2,0.996869
940,4,0.9917882
941,4,0.9986481
942,4,0.9999976
943,4,0.9999875
944,0,0.99957424
945,1,0.99368626
946,4,0.99947983
947,4,0.99998784
948,2,0.99022174
949,4,0.55431485
950,3,0.9542315
951,2,0.9989999
952,4,0.999905
953,4,0.9999485
954,4,0.9989505
955,2,0.99990344
956,4,0.99904853
957,4,0.99688345
958,3,0.90139264
959,2,0.9998616
960,4,0.99970895
961,2,0.99957305
962,3,0.99994504
963,4,0.99998057
964,4,0.9999989
965,4,0.99999666
966,3,0.78605056
967,3,0.53112197
968,1,0.99782205
969,4,0.9998832
970,3,0.9999969
971,4,0.9989525
972,2,0.7031317
973,1,0.93543535
974,4,0.9995159
975,3,0.99814785
976,2,0.9800106
977,4,0.99858814
978,4,0.9995932
979,2,0.57564574
980,4,0.9999044
981,4,0.9996171
982,4,0.9882515
983,0,0.9998807
984,4,0.9995352
985,2,0.7163472
986,4,0.99079925
987,4,0.8738344
988,4,0.9997085
989,4,0.999884
990,4,0.9876008
991,3,0.99972135
992,4,0.9999753
993,4,0.9995555
994,4,0.7202084
995,4,0.99994755
996,0,0.9985361
997,3,0.832482
998,4,0.9999027
999,4,0.99948126
1000,0,0.9992505
1001,4,0.9987405
1002,3,0.5603572
1003,4,0.99785846
1004,2,0.9683492
1005,4,0.99916553
1006,4,0.99922776
1007,2,0.95843256
1008,4,0.991377
1009,2,0.9998559
1010,3,0.86592984
1011,3,0.8136242
1012,4,0.99963045
1013,4,0.999468
1014,3,0.99922526
1015,2,0.6226106
1016,1,0.99999964
1017,4,0.9816035
1018,4,0.9998305
1019,4,0.99909866
1020,4,0.9999634
1021,4,0.99980646
1022,3,0.98184055
1023,4,0.99999416
1024,4,0.99999416
1025,3,0.99999404
1026,3,0.61328906
1027,2,0.99998415
1028,3,0.8637269
1029,0,0.5807809
1030,3,0.996449
1031,4,0.99992144
1032,3,0.99992037
1033,2,0.99088365
1034,3,0.9975534
1035,3,0.9920846
1036,4,0.9975891
1037,3,0.9969382
1038,2,0.9016029
1039,2,0.99950147
1040,4,0.99999654
1041,4,0.9998903
1042,4,0.9999504
1043,4,0.99532735
1044,3,0.9022466
1045,4,0.99695766
1046,4,0.9999881
1047,4,0.9982147
1048,0,0.45707327
1049,4,0.99974924
1050,4,0.9998288
1051,3,0.99918026
1052,4,0.99974877
1053,4,0.8798716
1054,4,0.99994767
1055,2,0.9836955
1056,4,0.9581773
1057,4,0.9999995
1058,4,0.98356277
1059,3,0.9997441
1060,4,0.5017255
1061,4,0.999998
1062,4,0.9653849
1063,3,0.99863726
1064,4,0.99391633
1065,4,0.915218
1066,2,0.99990034
1067,4,0.99999857
1068,4,0.9995555
1069,4,0.9717381
1070,4,0.99996436
1071,4,0.99980515
1072,3,0.94122106
1073,3,0.5838715
1074,3,0.8408799
1075,1,0.9964606
1076,3,0.99985087
1077,3,0.9998925
1078,4,0.9954927
1079,4,0.9999362
1080,4,0.9700162
1081,3,0.89803684
1082,4,0.99997497
1083,1,0.9986203
1084,4,0.9997756
1085,3,0.9988324
1086,3,0.99894613
1087,1,1.0
1088,4,0.9993538
1089,3,0.999943
1090,2,0.99818027
1091,3,0.960645
1092,4,0.99992037
1093,2,0.9999796
1094,4,0.9997898
1095,4,0.99983466
1096,4,0.9999963
1097,4,0.9985909
1098,3,0.9925113
1099,3,0.9397102
1100,4,0.99813783
1101,4,0.9992873
1102,4,0.98973304
1103,3,0.7382239
1104,1,0.9983425
1105,4,0.99943024
1106,2,0.9999206
1107,4,0.9943791
1108,3,0.99255717
1109,4,0.99503005
1110,4,0.99948525
1111,3,0.7826844
1112,4,0.9996518
1113,4,0.99695766
1114,2,0.9219484
1115,4,0.9999951
1116,4,0.9964295
1117,4,0.9994554
1118,4,0.6326933
1119,4,0.96190006
1120,4,0.999987
1121,4,0.9962018
1122,4,0.9998153
1123,3,0.8373
1124,4,0.97437483
1125,4,0.7046626
1126,4,0.9999995
1127,4,0.9996922
1128,4,0.99979717
1129,4,0.99999344
1130,4,0.9917503
1131,2,0.98427665
1132,4,0.99899596
1133,1,0.9959751
1134,2,0.69803387
1135,4,0.99995124
1136,2,0.8280038
1137,3,0.9999151
1138,4,0.99982965
1139,1,0.9999989
1140,1,1.0
1141,4,0.96380466
1142,4,0.9996507
1143,2,0.9999347
1144,4,0.9913054
1145,2,0.9999975
1146,4,0.99997926
1147,2,0.9956066
1148,4,0.84642255
1149,4,0.999928
1150,2,0.9992331
1151,3,0.8673609
1152,3,0.94850194
1153,4,0.99982953
1154,4,0.9886158
1155,4,0.9991696
1156,4,0.98118305
1157,4,0.9999212
1158,4,0.9872335
1159,4,0.9764608
1160,2,0.9999989
1161,4,0.9936516
1162,1,0.99516195
1163,4,0.999421
1164,3,0.9160018
1165,4,0.9999498
1166,4,0.9999982
1167,2,0.99884284
1168,4,0.99993503
1169,4,0.999995
1170,4,0.99909365
1171,1,0.93702084
1172,4,0.7530267
1173,4,0.99589133
1174,4,0.9999418
1175,4,0.99963474
1176,2,0.9999994
1177,3,0.7439744
1178,1,0.99933845
1179,4,0.9857166
1180,4,0.9999932
1181,4,0.9812369
1182,4,0.99695766
1183,3,0.9993474
1184,4,0.99987483
1185,4,0.97446126
1186,4,0.99620795
1187,4,0.9994037
1188,4,0.9976872
1189,4,0.999997
1190,4,0.9998574
1191,3,0.9999403
1192,2,0.9999666
1193,4,0.9994203
1194,0,0.9998987
1195,3,0.99976903
1196,4,0.99999416
1197,3,0.9149322
1198,3,0.7760926
1199,4,0.9806347
1200,4,0.99983346
1201,0,0.999982
1202,2,0.7433693
1203,3,0.9998516
1204,2,0.9958781
1205,3,0.9966498
1206,4,0.99999976
1207,4,0.9999963
1208,4,0.9999969
1209,3,0.99992466
1210,4,0.9999887
1211,3,0.9999962
1212,4,0.9944488
1213,4,0.99998415
1214,4,0.99966705
1215,2,0.9999541
1216,4,0.8348815
1217,4,0.99971515
1218,4,0.9909031
1219,4,0.99983346
1220,3,0.99778855
1221,3,1.0
1222,4,0.9995316
1223,4,0.9992636
1224,2,0.9995752
1225,4,0.9999907
1226,3,0.9974375
1227,4,0.99820614
1228,4,0.99995995
1229,4,0.99983346
1230,4,0.99999213
1231,4,0.99994826
1232,3,0.9631145
1233,2,0.9946503
1234,2,0.78212804
1235,4,0.999992
1236,3,0.93225443
1237,4,0.9999881
1238,4,0.9999306
1239,2,0.68355805
1240,4,0.99978226
1241,1,0.9999988
1242,4,0.5243992
1243,2,0.9999964
1244,4,0.99695754
1245,4,0.92598516
1246,4,0.9999659
1247,4,0.9995214
1248,4,0.99656516
1249,3,0.9999982
1250,3,0.74573284
1251,4,0.999788
1252,2,0.99550605
1253,4,0.99778324
1254,4,0.9974806
1255,4,0.9995435
1256,4,0.9802025
1257,4,0.99989104
1258,3,0.9146172
1259,1,0.57792455
1260,3,0.9999871
1261,3,0.99925977
1262,4,0.99998426
1263,4,0.99958247
1264,0,0.99987495
1265,4,0.9910019
1266,3,0.9998516
1267,4,0.8335333
1268,0,0.9865688
1269,4,0.8460162
1270,4,0.999814
1271,4,0.99999785
1272,4,0.65237397
1273,4,0.9997309
1274,4,0.9996495
1275,4,0.99954957
1276,2,0.99697757
1277,2,0.999956
1278,4,0.99971277
1279,4,0.9997768
1280,4,0.99999845
1281,4,0.88139516
1282,4,0.99949324
1283,4,0.99988174
1284,4,0.9996798
1285,4,0.9969709
1286,3,0.9998975
1287,4,0.999984
1288,2,0.9857896
1289,4,0.999843
1290,4,0.6098768
1291,4,0.9999201
1292,2,0.99985254
1293,4,0.9999479
1294,4,0.9996836
1295,4,0.99987173
1296,4,0.9996904
1297,2,0.969728
1298,3,0.9873855
1299,4,0.9999939
1300,4,0.9999702
1301,3,0.9892167
1302,3,0.8925028
1303,4,0.99989367
1304,1,0.9983425
1305,4,0.9897628
1306,4,0.99991465
1307,4,0.9999989
1308,4,0.9991856
1309,4,0.99999714
1310,4,0.9999925
1311,3,0.99922526
1312,4,0.9999877
1313,4,0.9999833
1314,4,0.9785678
1315,3,0.99998975
1316,2,0.99999857
1317,4,0.98670083
1318,4,0.99963164
1319,3,0.9999962
1320,4,0.9999988
1321,4,0.98208827
1322,0,0.9999331
1323,4,0.9999585
1324,4,0.9998067
1325,4,0.99999595
1326,4,0.999997
1327,4,0.99885976
1328,3,0.51962006
1329,3,0.7293819
1330,0,0.5763906
1331,4,0.96006906
1332,4,0.9999993
1333,4,0.99998
1334,4,0.99989617
1335,4,0.9809677
1336,4,0.999542
1337,2,0.99523443
1338,3,0.99997044
1339,4,0.9980381
1340,4,0.9993488
1341,4,0.99999905
1342,4,0.98476624
1343,4,0.99989367
1344,4,0.999997
1345,3,0.9146157
1346,2,0.99914145
1347,4,0.90498096
1348,2,0.98261803
1349,4,0.99873954
1350,4,0.99999833
1351,4,0.9999374
1352,4,0.99994147
1353,4,0.9999989
1354,3,0.92362654
1355,4,0.9999746
1356,2,0.9999949
1357,4,0.9941778
1358,0,0.9999989
1359,4,0.99879116
1360,2,0.9995442
1361,4,0.99998355
1362,3,0.9999864
1363,4,0.90089566
1364,0,0.9999974
1365,4,0.9998915
1366,0,0.9999536
1367,4,0.99695754
1368,1,0.99994373
1369,4,0.9999212
1370,3,0.9704897
1371,1,0.99984896
1372,2,0.99998593
1373,4,0.9999981
1374,3,0.99904484
1375,4,0.9887272
1376,3,0.9999809
1377,2,0.9982339
1378,2,0.94514567
1379,4,0.99953425
1380,4,0.99999917
1381,4,0.99975556
1382,2,0.9999945
1383,4,0.9995732
1384,1,0.8523865
1385,4,0.9991592
1386,4,0.99051684
1387,4,0.9999757
1388,4,0.9996074
1389,1,0.9990509
1390,4,0.94248545
1391,4,0.79038185
1392,3,0.9999982
1393,1,0.9995882
1394,4,0.9982424
1395,4,0.99998057
1396,3,0.99999106
1397,3,0.9997247
1398,4,0.98653436
1399,4,0.99963653
1400,4,0.9999957
1401,4,0.9996507
1402,3,0.5278567
1403,4,0.99999523
1404,4,0.9999951
1405,0,0.78755736
1406,2,0.9848919
1407,3,0.99996376
1408,4,0.999998
1409,4,0.9996171
1410,4,0.9997917
1411,3,0.99730897
1412,4,0.99999416
1413,3,0.99999213
1414,4,0.85011876
1415,2,0.9979684
1416,3,0.94158477
1417,4,0.9999776
1418,3,0.6991948
1419,4,0.9998204
1420,4,0.9998883
1421,4,0.99988484
1422,4,0.9737205
1423,1,0.99992657
1424,4,0.99999666
1425,4,0.99967945
1426,4,0.99517775
1427,3,0.9995859
1428,2,0.9912913
1429,3,0.9795473
1430,4,0.99998796
1431,1,0.8471381
1432,4,0.99548835
1433,4,0.99995005
1434,4,0.99985087
1435,4,0.9948089
1436,0,0.9999945
1437,3,0.9967308
1438,4,0.99990666
1439,3,0.9995859
1440,4,0.99890316
1441,4,0.9999143
1442,3,0.6135101
1443,4,0.94197655
1444,4,0.9999981
1445,4,0.99997604
1446,2,0.99988866
1447,4,0.99938273
1448,3,0.9999987
1449,2,0.9993998
1450,4,0.9996226
1451,4,0.99998295
1452,4,0.99992037
1453,3,0.99913245
1454,3,0.9985178
1455,3,0.9999962
1456,0,0.99999714
1457,4,0.9999931
1458,3,0.89017415
1459,4,0.64676785
1460,4,0.99421954
1461,4,0.9999995
1462,4,0.9971957
1463,3,0.99863726
1464,4,0.99978536
1465,3,0.9994752
1466,3,0.5601891
1467,3,0.9999962
1468,1,0.9316251
1469,3,0.77982146
1470,4,0.99999774
1471,4,0.9998505
1472,4,0.9999962
1473,4,0.9995509
1474,4,0.9987658
1475,2,0.98806274
1476,4,0.9999459
1477,4,0.9999981
1478,4,0.99998486
1479,4,0.99486756
1480,1,0.99786025
1481,4,0.9983069
1482,4,0.9999995
1483,3,0.95689535
1484,4,0.9986879
1485,4,0.72252035
1486,4,0.99695754
1487,4,0.99997556
1488,4,0.9284998
1489,4,0.9995352
1490,1,0.9734256
1491,2,0.99999523
1492,4,0.99982905
1493,4,0.98948824
1494,4,0.9882585
1495,4,0.9999769
1496,0,0.999998
1497,2,0.86807156
1498,2,0.99994135
1499,3,0.97668046
1500,4,0.98481834
1501,4,0.9999989
1502,1,0.9999999
1503,2,0.9998461
1504,3,0.9507577
1505,4,0.95291024
1506,4,0.99458176
1507,4,0.8757145
1508,3,0.97547865
1509,2,0.9998281
1510,3,0.98805785
1511,2,0.9398816
1512,4,0.99978226
1513,3,0.57518214
1514,4,0.999995
1515,4,0.99999905
1516,2,0.99999726
1517,4,0.9999269
1518,4,0.99485165
1519,1,0.91656345
1520,4,0.99947983
1521,0,0.9999391
1522,3,0.99863726
1523,2,0.9991499
1524,4,0.99688345
1525,4,0.999951
1526,4,0.99225324
1527,4,0.9999995
1528,1,0.9999697
1529,4,0.9999306
1530,4,0.999997
1531,4,0.9999782
1532,3,0.9752738
1533,4,0.9998882
1534,3,0.9994703
1535,4,0.9999995
1536,4,0.9998492
1537,4,0.9999485
1538,2,0.9999893
1539,3,0.7631137
1540,4,0.9999995
1541,3,0.99995327
1542,3,0.99999845
1543,4,0.9997557
1544,2,0.9922504
1545,4,0.94521797
1546,4,0.9965103
1547,4,0.99923766
1548,3,0.7487691
1549,4,0.9656046
1550,4,0.9933715
1551,2,0.9859087
1552,4,0.9997489
1553,2,0.9998994
1554,4,0.669396
1555,4,0.9999403
1556,0,0.91705567
1557,4,0.99781775
1558,4,0.9998307
1559,1,0.9999993
1560,2,0.618962
1561,4,0.9999398
1562,4,0.9995214
1563,3,0.9899211
1564,2,0.9997156
1565,4,0.99988055
1566,4,0.9986268
1567,4,0.92164075
1568,0,0.9998913
1569,4,0.6618181
1570,4,0.99991083
1571,3,0.6120353
1572,4,0.9999063
1573,4,0.99994373
1574,4,0.99954563
1575,4,0.9954159
1576,2,0.9891578
1577,4,0.9999995
1578,4,0.99999905
1579,3,0.9175812
1580,4,0.99493426
1581,4,0.9987282
1582,4,0.99999416
1583,3,0.9999037
1584,2,0.99999595
1585,4,0.99969506
1586,3,0.99982244
1587,4,0.9971597
1588,3,0.9999385
1589,3,0.9997906
1590,4,0.9997992
1591,4,0.9991381
1592,4,0.99953854
1593,4,0.9980698
1594,4,0.9980102
1595,0,0.9999993
1596,3,0.9611996
1597,4,0.98097736
1598,4,0.99475914
1599,2,0.99996734
1600,4,0.9999995
1601,2,0.9998621
1602,4,0.63812715
1603,4,0.99999905
1604,2,0.99998844
1605,4,0.99948967
1606,3,0.9966516
1607,3,0.93872017
1608,4,0.9970577
1609,3,0.9999999
1610,4,0.99999654
1611,3,0.9999515
1612,4,0.99999416
1613,4,0.9999125
1614,4,0.999337
1615,4,0.9995763
1616,3,0.9212715
1617,2,0.9787184
1618,3,0.999969
1619,4,0.58775836
1620,4,0.9992988
1621,2,0.9943493
1622,4,0.8959839
1623,3,0.9842114
1624,4,0.9999809
1625,2,0.9999927
1626,4,0.99957305
1627,2,0.97215366
1628,4,0.99992
1629,3,0.9998634
1630,3,0.99070156
1631,0,0.9999367
1632,3,0.7420236
1633,2,0.99999464
1634,2,0.993903
1635,4,0.9999981
1636,4,0.9996074
1637,3,0.99398226
1638,4,0.879867
1639,4,0.96095425
1640,2,0.9999715
1641,3,0.99816066
1642,2,0.9993223
1643,4,0.99695766
1644,0,0.99999
1645,4,0.9992084
1646,2,0.99977535
1647,3,0.9996363
1648,3,0.9990355
1649,3,0.99992466
1650,4,0.9999988
1651,4,0.99969256
1652,4,0.9999989
1653,4,0.9983486
1654,4,0.9996915
1655,4,0.9999379
1656,4,0.9999951
1657,4,0.99790984
1658,4,0.9938008
1659,4,0.9994228
1660,4,0.9996904
1661,4,0.9999962
1662,2,0.99999964
1663,3,0.766307
1664,4,0.9998865
1665,2,0.99627435
1666,2,0.8825013
1667,4,0.8693577
1668,4,0.9999653
1669,3,1.0
1670,4,0.9997695
1671,2,0.93275523
1672,3,0.88744843
1673,4,0.9999956
1674,3,0.99998355
1675,4,0.99959093
1676,3,0.92929745
1677,3,0.9982699
1678,4,0.9998807
1679,2,0.99990594
1680,2,0.9868377
1681,4,0.999428
1682,4,0.9885141
1683,4,0.9995492
1684,3,0.9271024
1685,4,0.86328954
1686,4,0.99993634
1687,4,0.999998
1688,4,0.9976221
1689,4,0.9336681
1690,2,0.99999785
1691,2,0.9679672
1692,4,0.99710494
1693,4,0.7232459
1694,4,0.99998665
1695,3,0.99863726
1696,3,0.996407
1697,4,0.999997
1698,1,0.999859
1699,2,0.7555088
1700,4,0.9959853
1701,2,0.99013454
1702,4,0.9999778
1703,4,0.9999796
1704,4,0.7472064
1705,3,0.9994892
1706,4,0.950015
1707,4,0.9128293
1708,4,0.99958533
1709,0,0.9999969
1710,4,0.7345819
1711,4,0.99999046
1712,3,0.9994648
1713,2,0.5037587
1714,4,0.999998
1715,4,0.9832617
1716,3,0.99372005
1717,4,0.9959706
1718,4,0.9999808
1719,4,0.99999404
1720,4,0.94489133
1721,4,0.984072
1722,4,0.94630045
1723,3,0.8029823
1724,3,0.99635315
1725,4,0.9867649
1726,4,0.9998903
1727,4,0.99852234
1728,2,0.8764714
1729,3,0.94545424
1730,4,0.99165744
1731,4,0.9987821
1732,4,0.9996549
1733,4,0.9999889
1734,4,0.9971366
1735,2,0.9999951
1736,4,0.9996499
1737,4,0.999271
1738,4,0.9959525
1739,3,0.99964213
1740,4,0.999998
1741,2,0.986746
1742,4,0.9998963
1743,2,0.63374007
1744,4,0.99999344
1745,0,0.9907013
1746,2,0.99138206
1747,2,0.9999858
1748,3,0.9517592
1749,2,0.99993014
1750,4,0.7118647
1751,1,0.99975306
1752,1,0.9966607
1753,4,0.53730094
1754,4,0.8369987
1755,2,0.9971951
1756,4,0.9896305
1757,1,0.9994874
1758,1,0.9967449
1759,4,0.9999542
1760,3,0.632347
1761,4,0.99953425
1762,3,0.99108475
1763,4,0.5685955
1764,4,0.99982363
1765,4,0.9963982
1766,4,0.99942327
1767,4,0.9999124
1768,4,0.44571507
1769,4,0.9997749
1770,4,0.9944323
1771,0,0.6819203
1772,3,0.7527663
1773,3,0.69445866
1774,4,0.9999318
1775,4,0.9997303
1776,0,0.999821
1777,3,0.9999777
1778,4,0.9999523
1779,3,0.95825046
1780,4,0.9999865
1781,4,0.99997914
1782,1,0.795231
1783,3,0.99870944
1784,4,0.99999404
1785,3,0.9998908
1786,3,0.9908257
1787,4,0.9580726
1788,3,0.9177708
1789,1,0.9996524
1790,3,0.9739053
1791,4,0.9768987
1792,4,0.999998
1793,4,0.9990608
1794,4,0.9999925
1795,3,0.9997651
1796,4,0.9294733
1797,4,0.99983597
1798,4,0.9999906
1799,4,0.92718744
1800,4,0.9999759
1801,4,0.999995
1802,4,0.9998423
1803,4,0.9999118
1804,4,0.9998418
1805,4,0.9999819
1806,4,0.9999888
1807,4,0.9998203
1808,4,0.99962676
1809,2,0.9979286
1810,3,0.9929437
1811,4,0.99999464
1812,4,0.95044464
1813,2,0.9969324
1814,0,0.99656624
1815,4,0.7554709
1816,4,0.99999154
1817,3,0.998735
1818,3,0.998738
1819,4,0.999998
1820,3,0.9944476
1821,4,0.99998057
1822,4,0.970067
1823,4,0.9123662
1824,4,0.98968923
1825,4,0.9998529
1826,1,0.829498
1827,2,0.9804951
1828,4,0.99985576
1829,4,0.94600123
1830,4,0.6668511
1831,3,0.89483964
1832,4,0.99955505
1833,4,0.9929668
1834,0,0.88499516
1835,4,0.9999913
1836,4,0.5957852
1837,4,0.9892474
1838,4,0.99999654
1839,4,0.9356009
1840,4,0.9999713
1841,4,0.9867056
1842,0,0.99977845
1843,3,0.9988593
1844,4,0.99999666
1845,4,0.6644562
1846,4,0.99695766
1847,4,0.99999416
1848,4,0.99875295
1849,3,0.9992304
1850,4,0.9999702
1851,3,0.9824284
1852,4,0.99978966
1853,2,0.9999826
1854,4,0.9375335
1855,4,0.9999819
1856,4,0.9999062
1857,2,0.82909596
1858,2,0.9988286
1859,4,0.9844551
1860,2,0.9993326
1861,2,0.9996327
1862,2,0.8746148
1863,4,0.99999106
1864,3,0.9942796
1865,4,0.9952932
1866,4,0.93607247
1867,4,0.96837896
1868,3,0.9998809
1869,3,0.99997973
1870,4,0.9989322
1871,4,0.9989573
1872,4,0.9999782
1873,2,0.99032414
1874,4,0.9840604
1875,4,0.9991617
1876,4,0.9714707
1877,3,0.80032575
1878,2,0.847135
1879,2,0.9999397
1880,4,0.99999845
1881,4,0.9999149
1882,4,0.99073887
1883,3,0.97675335
1884,3,0.95179296
1885,3,0.94944775
1886,4,0.94255906
1887,4,0.99943405
1888,0,0.99998677
1889,4,0.99933404
1890,2,0.9999572
1891,3,0.9844631
1892,2,0.9999933
1893,3,0.8242861
1894,3,0.9999962
1895,2,0.9961279
1896,4,0.9996074
1897,3,0.5223755
1898,4,0.9999825
1899,3,0.9990125
1900,4,0.99998593
1901,1,0.88018507
1902,3,0.9999771
1903,2,0.9980946
1904,4,0.890926
1905,2,0.9999001
1906,1,0.99999213
1907,4,0.9999968
1908,2,0.99979025
1909,4,0.9713548
1910,3,0.9984914
1911,4,0.99951184
1912,4,0.9999473
1913,4,0.997891
1914,4,0.9999988
1915,1,0.8734776
1916,4,0.99979275
1917,3,0.71144575
1918,2,0.9842904
1919,4,0.991443
1920,4,0.99997294
1921,4,0.9999485
1922,3,0.85429937
1923,3,0.9830216
1924,4,0.9999964
1925,4,0.99998844
1926,4,0.8588389
1927,4,0.9704494
1928,2,0.9920025
1929,4,0.9994407
1930,4,0.9999956
1931,4,0.99998343
1932,4,0.99892706
1933,2,0.50016946
1934,2,0.9999044
1935,4,0.999997
1936,4,0.89295083
1937,2,0.600345
1938,4,0.8279117
1939,2,0.9999976
1940,1,0.56541014
1941,4,0.99999094
1942,4,0.8779955
1943,4,0.99950564
1944,4,0.9659492
1945,1,0.99595946
1946,4,0.9998567
1947,3,0.9999962
1948,4,0.9998901
1949,4,0.99997187
1950,3,0.9125262
1951,4,0.9996842
1952,4,0.99999845
1953,4,0.94654953
1954,3,0.50742275
1955,4,0.9983487
1956,1,0.9937781
1957,2,0.99999726
1958,4,0.9999846
1959,3,0.99999976
1960,0,0.99999833
1961,4,0.9982545
1962,4,0.9999727
1963,4,0.99590427
1964,3,0.7307112
1965,4,0.99950755
1966,4,0.999723
1967,4,0.988223
1968,4,0.9999832
1969,3,0.7710979
1970,4,0.9936233
1971,4,0.97895056
1972,4,0.99794334
1973,3,0.89345604
1974,3,0.6623334
1975,3,0.7910219
1976,4,0.9998919
1977,3,0.8810328
1978,4,0.8762979
1979,2,0.98354924
1980,4,0.9999893
1981,3,0.98676723
1982,4,0.9997062
1983,4,0.99897206
1984,4,0.9997589
1985,2,0.59054685
1986,4,0.98442864
1987,2,0.71571785
1988,1,0.999577
1989,3,0.99212945
1990,4,0.9996666
1991,4,0.9967919
1992,4,0.9999981
1993,4,0.99979824
1994,3,0.9675136
1995,1,0.9993581
1996,4,0.8856834
1997,4,0.9999223
1998,4,0.9991412
1999,1,1.0
2000,4,0.99999034
2001,4,0.977398
2002,4,0.99999285
2003,4,0.90859866
2004,4,0.99749005
2005,4,0.99752396
2006,2,0.6484077
2007,1,0.9168521
2008,4,0.9998746
2009,4,0.9317626
2010,4,0.93252873
2011,4,0.99999225
2012,4,0.9906222
2013,4,0.99800307
2014,4,0.99999404
2015,4,0.99998665
2016,4,0.9999713
2017,4,0.9182989
2018,3,0.9974915
2019,2,0.9990797
2020,4,0.999998
2021,4,0.9532583
2022,4,0.9999145
2023,2,0.999967
2024,2,0.93708473
2025,3,0.9865252
2026,4,0.99995565
2027,4,0.9994374
2028,3,0.9999809
2029,4,0.99970955
2030,2,0.9894889
2031,3,0.9937098
2032,3,0.95647454
2033,3,0.9997749
2034,4,0.9424973
2035,4,0.9870543
2036,2,0.99993014
2037,3,0.6649748
2038,4,0.85262376
2039,4,0.99891376
2040,4,0.68369675
2041,4,0.94691014
2042,4,0.999998
2043,2,0.7645947
2044,3,0.9984315
2045,4,0.82595015
2046,4,0.999998
2047,2,0.86777055
2048,2,0.98757464
2049,4,0.9999795
2050,4,0.99998975
2051,4,0.99999416
2052,4,0.99978286
2053,2,0.9999304
2054,2,0.99993014
2055,4,0.94769055
2056,3,0.9971602
2057,4,0.9999598
2058,3,0.97091806
2059,4,0.99624974
2060,4,0.99998915
2061,2,0.9999913
2062,4,0.9999629
2063,4,0.99981886
2064,1,0.98359805
2065,4,0.9999542
2066,4,0.9998248
2067,4,0.9998369
2068,4,0.99919635
2069,4,0.99999976
2070,4,0.9977817
2071,4,0.9999069
2072,4,0.9873252
2073,2,0.99999356
2074,4,0.999821
2075,4,0.9998909
2076,4,0.9996581
2077,4,0.9995932
2078,0,0.99734086
2079,3,0.9999937
2080,4,0.9999882
2081,4,0.99426454
2082,0,0.5078906
2083,3,0.85118407
2084,3,0.9516626
2085,2,0.9886368
2086,2,0.7847368
2087,2,0.9999933
2088,2,0.9999895
2089,2,0.9999589
2090,4,0.99970895
2091,4,0.9379654
2092,4,0.9999467
2093,4,0.9988354
2094,4,0.9999881
2095,4,0.99999976
2096,2,0.9999994
2097,2,0.99727887
2098,3,0.9997663
2099,2,0.99993014
2100,4,0.9989592
2101,4,0.99965596
2102,4,0.99988544
2103,4,0.99985266
2104,4,0.99262744
2105,4,0.9996426
2106,4,0.60409886
2107,2,0.9967032
2108,3,0.98424965
2109,4,0.9999981
2110,4,0.8666631
2111,4,0.50436664
2112,3,0.7234695
2113,0,0.9988758
2114,2,0.99976045
2115,3,0.96727985
2116,1,0.6504459
2117,4,0.9998228
2118,0,0.53511274
2119,4,0.99992514
2120,4,0.9999925
2121,1,1.0
2122,4,0.9999988
2123,3,0.9443723
2124,4,0.7769882
2125,4,0.9999323
2126,0,0.9101674
2127,3,0.951519
2128,4,0.9996069
2129,4,0.94503915
2130,2,0.9961279
2131,4,0.9999503
2132,1,0.9985902
2133,4,0.9849317
2134,1,0.9999999
2135,3,0.9642941
2136,2,0.9996885
2137,4,0.99996614
2138,4,0.9999479
2139,4,0.9999685
2140,0,0.9998987
2141,4,0.99917775
2142,4,0.95424736
2143,2,0.99909115
2144,1,0.9257898
2145,3,0.9619281
2146,4,0.7747696
2147,3,0.9425079
2148,4,0.99999857
2149,4,0.9999813
2150,4,0.99998796
2151,3,0.9997056
2152,4,0.99314874
2153,4,0.9999814
2154,4,0.9965436
2155,4,0.99966824
2156,3,0.82545125
2157,4,0.99997914
2158,3,0.99876815
2159,4,0.99999964
2160,4,0.99999213
2161,3,0.7987004
2162,4,0.9998307
2163,4,0.9061625
2164,3,0.99868387
2165,4,0.9999076
2166,2,0.92541414
2167,0,0.49976885
2168,3,0.9100108
2169,3,0.99995613
2170,2,0.99999046
2171,1,0.9940842
2172,3,0.9999875
2173,4,0.99999976
2174,2,0.9999355
2175,3,0.9999442
2176,3,0.99908316
2177,4,0.99998355
2178,4,0.9633545
2179,3,0.99743015
2180,4,0.99999917
2181,2,0.9649993
2182,4,0.9994962
2183,4,0.9999875
2184,3,0.9951682
2185,4,0.8920767
2186,1,0.99999034
2187,4,0.9990132
2188,4,0.99925977
2189,3,0.99967563
2190,0,1.0
2191,4,0.99996054
2192,4,0.9930447
2193,4,0.9997671
2194,4,0.999076
2195,4,0.99999547
2196,0,0.896582
2197,4,0.9304816
2198,4,0.8992647
2199,4,0.999905
2200,4,0.9998387
2201,4,0.9982529
2202,4,0.9709256
2203,1,0.9990067
2204,4,0.99695766
2205,2,0.99999917
2206,4,0.9999988
2207,3,0.8833953
2208,3,0.99986136
2209,3,0.9998611
2210,3,0.8187619
2211,4,0.9980209
2212,4,0.999624
2213,4,0.99835855
2214,4,0.9997303
2215,3,0.9994281
2216,4,0.999421
2217,2,0.999974
2218,2,0.9889159
2219,3,0.9319553
2220,2,0.7154678
2221,2,0.66645473
2222,4,0.9999906
2223,3,0.95408237
2224,4,0.9999063
2225,4,0.999979
2226,3,0.99959975
2227,4,0.99999905
2228,4,0.5152937
2229,2,0.9995098
2230,2,0.9999951
2231,4,0.9999614
2232,4,0.99992776
2233,2,0.7427406
2234,4,0.8327037
2235,4,0.7754204
2236,4,0.9999685
2237,4,0.9997011
2238,4,0.9999964
2239,4,0.9625309
2240,4,0.9983209
2241,4,0.99977106
2242,1,1.0
2243,2,0.99998784
2244,4,0.98039585
2245,4,0.9939824
2246,1,0.9996099
2247,4,0.9996598
2248,4,0.9998919
2249,4,0.9994808
2250,4,0.9973736
2251,4,0.9999908
2252,2,0.9999995
2253,4,0.9977063
2254,4,0.9892329
2255,3,0.87782997
2256,4,0.9998629
2257,0,1.0
2258,4,0.999828
2259,4,0.9989833
2260,4,0.8046297
2261,0,1.0
2262,3,0.8854989
2263,4,0.9993542
2264,0,0.9998024
2265,4,0.6984265
2266,4,0.9985114
2267,1,0.9816616
2268,4,0.61924964
2269,1,0.999668
2270,4,0.9999949
2271,4,0.99921846
2272,4,0.9996172
2273,4,0.8847699
2274,4,0.99998426
2275,4,0.9961888
2276,4,0.6795421
2277,3,0.996241
2278,4,0.99979526
2279,4,0.99822885
2280,3,0.9995863
2281,2,0.98572063
2282,4,0.99731004
2283,4,0.9910443
2284,4,0.9516637
2285,3,0.97686154
2286,4,0.70858675
2287,3,0.66880095
2288,4,0.9996922
2289,4,0.9996469
2290,0,0.99999964
2291,4,0.9827169
2292,4,0.99619436
2293,2,0.9999975
2294,2,0.98910695
2295,4,0.9929583
2296,4,0.99999905
2297,4,0.9911486
2298,4,0.9932909
2299,4,0.99932134
2300,4,0.9970372
2301,4,0.9954412
2302,4,0.9998927
2303,3,0.9995346
2304,4,0.9999716
2305,4,0.9999615
2306,3,0.7873983
2307,4,0.9998697
2308,1,1.0
2309,4,0.82963336
2310,3,0.99486864
2311,4,0.9909383
2312,2,0.9997603
2313,4,0.9998385
2314,4,0.999848
2315,4,0.971026
2316,4,0.99914813
2317,4,0.95627785
2318,4,0.9882782
2319,4,0.999982
2320,3,0.9999498
2321,3,0.99352324
2322,3,0.99655366
2323,2,0.8720082
2324,4,0.9994229
2325,4,0.999931
2326,4,0.9988859
2327,4,0.9999268
2328,2,0.9886367
2329,2,0.99958235
2330,4,0.9999832
2331,4,0.9999989
2332,4,0.9972651
2333,2,0.997401
2334,2,0.99999714
2335,0,0.9521645
2336,4,0.9999795
2337,4,0.99968815
2338,4,0.9996896
2339,4,0.95798
2340,3,0.99999475
2341,4,0.9998128
2342,4,0.5543694
2343,4,0.99975115
2344,4,0.9997807
2345,2,0.9237245
2346,4,0.9999436
2347,4,0.99999607
2348,4,0.99962795
2349,4,0.99915874
2350,4,0.9987966
2351,1,0.7837342
2352,4,0.9999958
2353,4,0.9999987
2354,4,0.9999937
2355,4,0.9999906
2356,2,0.999995
2357,3,0.9953367
2358,4,0.99998176
2359,4,0.9997534
2360,4,0.99917907
2361,0,0.9999939
2362,2,0.9999994
2363,4,0.9997569
2364,4,0.9997733
2365,4,0.8149401
2366,4,0.9999981
2367,4,0.9999999
2368,3,0.998615
2369,4,0.9998778
2370,4,0.998201
2371,3,0.99997973
2372,3,0.9132711
2373,3,0.99701226
2374,2,0.99965894
2375,2,0.9996799
2376,3,0.99711895
2377,4,0.9981754
2378,3,0.8855045
2379,4,0.9999968
2380,2,0.9472879
2381,4,0.9604474
2382,4,0.9646117
2383,4,0.99999523
2384,2,0.9999969
2385,2,0.99999094
2386,3,0.99999976
2387,3,0.99999917
2388,3,0.7487691
2389,4,0.99978393
2390,4,0.9999672
2391,4,0.99959403
2392,4,0.99876606
2393,4,0.9999883
2394,4,0.999889
2395,2,0.98351717
2396,4,0.9970374
2397,4,0.9999789
2398,4,0.6959445
2399,2,0.91158634
2400,0,0.999938
2401,0,0.99999
2402,2,0.99905497
2403,1,0.9997342
2404,3,0.99818206
2405,4,0.99999106
2406,2,0.9512313
2407,4,0.99885976
2408,3,0.97604114
2409,2,0.95560133
2410,4,0.9999844
2411,4,0.9932801
2412,2,0.60367185
2413,4,0.9996556
2414,4,0.9999995
2415,2,0.6457076
2416,4,0.9989692
2417,0,0.99874544
2418,4,0.99998784
2419,4,0.9096428
2420,2,0.9972362
2421,3,0.5650151
2422,2,0.99990726
2423,2,0.9999951
2424,4,0.98733366
2425,4,0.99688345
2426,4,0.9997278
2427,4,0.99724627
2428,3,0.95513546
2429,4,0.99996614
2430,2,0.97972244
2431,2,0.7550012
2432,3,0.99557436
2433,4,0.6392717
2434,4,0.9999995
2435,4,0.99998915
2436,4,0.9999932
2437,4,0.9988738
2438,4,0.9996171
2439,4,0.99569345
2440,4,0.999982
2441,3,0.99946266
2442,2,0.75472003
2443,4,0.99992657
2444,1,0.9991316
2445,0,0.58078116
2446,4,0.99822396
2447,4,0.9880116
2448,4,0.9998348
2449,3,0.88997245
2450,4,0.9958242
2451,1,0.8012219
2452,3,0.9999403
2453,2,0.99098384
2454,2,0.9621073
2455,3,0.92864835
2456,3,0.9305272
2457,4,0.99918264
2458,3,0.99990785
2459,4,0.999998
2460,3,0.9856204
2461,1,0.98860395
2462,2,0.99974746
2463,4,0.9999925
2464,2,0.9888032
2465,1,0.9998431
2466,4,0.9777851
2467,2,0.99999964
2468,4,0.9658535
2469,4,0.9999846
2470,4,0.9999981
2471,2,0.9942674
2472,0,1.0
2473,4,0.9998523
2474,4,0.99999607
2475,4,0.9999943
2476,4,0.9999248
2477,4,0.99999654
2478,3,0.999238
2479,4,0.9997813
2480,4,0.99996626
2481,4,0.9999727
2482,2,0.99948776
2483,4,0.9999876
2484,4,0.999871
2485,0,0.99997723
2486,4,0.9999714
2487,3,0.99920386
2488,4,0.9999881
2489,4,0.9996778
2490,1,0.5534918
2491,3,0.9215732
2492,4,0.99680483
2493,2,0.9999951
2494,2,0.97478545
2495,4,0.9865001
2496,4,0.9999273
2497,4,0.9999865
2498,4,0.9999808
2499,2,0.99993014
2500,4,0.9994271
2501,4,0.7219937
2502,4,0.9993856
2503,4,0.9999409
2504,2,0.822833
2505,4,0.9451072
2506,4,0.97156805
2507,2,0.9954607
2508,4,0.9996074
2509,4,0.9999912
2510,4,0.9997776
2511,2,0.8873324
2512,3,0.997512
2513,4,0.999126
2514,4,0.9999988
2515,2,0.9986438
2516,2,0.9999896
2517,4,0.9999932
2518,4,0.99253476
2519,4,0.8377975
2520,4,0.9999571
2521,4,0.9954122
2522,3,0.99838126
2523,3,0.9971041
2524,3,0.9999825
2525,4,0.97161496
2526,4,0.9999485
2527,3,0.58831763
2528,4,0.99062645
2529,4,0.97991985
2530,4,0.99999154
2531,4,0.5874122
2532,4,0.9896688
2533,1,0.99997985
2534,2,0.9818932
2535,4,0.9999989
2536,4,0.9970892
2537,1,0.9950177
2538,4,0.9689915
2539,4,0.9999926
2540,4,0.99998593
2541,4,0.99968207
2542,4,0.999998
2543,3,0.9121327
2544,3,0.6134142
2545,2,0.99999833
2546,3,0.99863726
2547,4,0.9999937
2548,1,0.9195226
2549,4,0.99979
2550,4,0.9995215
2551,4,0.999998
2552,4,0.99990726
2553,3,0.99999845
2554,2,0.90061384
2555,3,0.9071102
2556,4,0.9996822
2557,4,0.99997115
2558,2,0.99999154
2559,1,0.9999753
2560,4,0.9998259
2561,4,0.9961654
2562,2,0.90277016
2563,3,0.9997049
2564,2,0.8439171
2565,4,0.9996922
2566,0,0.7016229
2567,2,0.99009985
2568,4,0.9999006
2569,0,0.9999691
2570,4,0.9990476
2571,4,0.78903866
2572,4,0.999966
2573,4,0.9998579
2574,4,0.99999976
2575,4,0.9903414
2576,4,0.85201496
2577,4,0.99943775
2578,4,0.9995384
2579,4,0.99635917
2580,4,0.99996483
2581,2,0.99993014
2582,4,0.9999573
2583,3,0.93131477
2584,4,0.99904317
2585,2,0.9999995
2586,3,0.99998593
2587,4,0.9895823
2588,4,0.99710935
2589,4,0.998454
2590,0,0.8849944
2591,4,0.99869883
2592,2,0.9872242
2593,3,0.99996936
2594,3,0.99863726
2595,3,0.52145755
2596,4,0.99999225
2597,4,0.99695754
2598,2,0.8012218
2599,4,0.9980659
2600,4,0.997294
2601,4,0.51866287
2602,4,0.9999975
2603,4,0.9999987
2604,4,0.9997955
2605,4,0.9988532
2606,1,0.9833875
2607,1,0.99987483
2608,3,0.98598784
2609,4,0.98659676
2610,2,0.99993014
2611,2,0.9980222
2612,4,0.9999746
2613,4,0.6347487
2614,3,0.62065005
2615,4,0.9966785
2616,1,0.9312151
2617,0,0.9997327
2618,4,0.84538966
2619,4,0.99999607
2620,1,0.8307227
2621,4,0.99999356
2622,4,0.99975604
2623,3,0.894179
2624,2,0.99919075
2625,3,0.9999906
2626,2,0.99982834
2627,3,0.99657506
2628,4,0.99753076
2629,4,0.9991743
2630,0,0.99999225
2631,4,0.9999726
2632,4,0.98043627
2633,3,0.8985378
2634,4,0.99987674
2635,4,0.99826884
2636,2,0.9799818
2637,4,0.99979013
2638,4,0.9999827
2639,3,0.99994695
2640,4,0.99688345
2641,1,0.99992657
2642,2,0.9999877
2643,4,0.99999416
2644,4,0.9999901
2645,4,0.9999999
2646,4,0.99985015
2647,4,0.9998299
2648,3,0.8648258
2649,4,0.9996118
2650,4,0.9985006
2651,4,0.9999546
2652,4,0.99948335
2653,4,0.9999697
2654,3,0.9997048
2655,4,0.9996582
2656,4,0.9999925
2657,2,0.99900466
2658,4,0.5010273
2659,4,0.99829227
2660,3,0.9844716
2661,3,0.96288323
2662,4,0.9992568
2663,4,0.99934775
2664,4,0.9995085
2665,1,0.79723483
2666,2,0.9999466
2667,2,0.6210519
2668,3,0.88345236
2669,4,0.9999794
2670,4,0.95692813
2671,3,0.99890304
2672,4,0.99997294
2673,1,0.9999993
2674,4,0.99995327
2675,2,0.96996653
2676,4,0.99997056
2677,4,0.99999607
2678,4,0.99715734
2679,0,0.9999988
2680,3,0.95421845
2681,4,0.99993825
2682,4,0.9894678
2683,4,0.82903874
2684,2,0.99499387
2685,4,0.99998486
2686,2,0.99988854
2687,3,0.9977386
2688,4,0.6000752
2689,2,0.99999726
2690,4,0.9999448
2691,4,0.9997807
2692,4,0.9999485
2693,4,0.9999994
2694,4,0.89592046
2695,3,0.999154
2696,4,0.9985153
2697,2,0.9999889
2698,4,0.99998176
2699,4,0.99898046
2700,1,0.9822939
2701,2,0.9961218
2702,4,0.99999595
2703,4,0.99976116
2704,4,0.9999962
2705,4,0.99947447
2706,2,0.99769884
2707,4,0.9998988
2708,4,0.999977
2709,3,0.99480057
2710,2,0.9739171
2711,4,0.9998839
2712,4,0.9999932
2713,1,0.89273274
2714,4,0.9706255
2715,4,0.99995804
2716,2,0.9999949
2717,4,0.9834796
2718,4,0.99508345
2719,4,0.9945121
2720,4,0.99876416
2721,2,0.99999976
2722,2,0.78212667
2723,4,0.9993511
2724,4,0.99912804
2725,4,0.99999714
2726,3,0.98472637
2727,4,0.9999931
2728,4,0.7529108
2729,3,0.8371258
2730,3,0.9739172
2731,2,0.8499823
2732,4,0.99961
2733,3,0.7619905
2734,4,0.9951271
2735,4,0.99973124
2736,2,0.9935523
2737,4,0.999938
2738,4,0.99724627
2739,4,0.99811953
2740,4,0.999806
2741,4,0.9987332
2742,3,0.9623602
2743,4,0.9999685
2744,3,0.99958867
2745,4,0.99984944
2746,4,0.99986494
2747,4,0.9999013
2748,0,1.0
2749,4,0.9996822
2750,4,0.88664865
2751,4,0.9996978
2752,0,0.9999982
2753,4,0.99994075
2754,4,0.99999404
2755,4,0.95603806
2756,3,0.8799002
2757,2,0.9999509
2758,4,0.99940836
2759,3,0.86855674
2760,3,0.9969529
2761,4,0.999998
2762,3,0.9991659
2763,4,0.9977017
2764,3,0.9998299
2765,4,0.5245107
2766,4,0.9996922
2767,4,0.999972
2768,2,0.9999865
2769,3,0.99999416
2770,4,0.99993694
2771,4,0.99988174
2772,4,0.99703753
2773,4,0.9870688
2774,4,0.9985259
2775,2,0.9998939
2776,4,0.99999666
2777,2,0.8747842
2778,4,0.9922969
2779,3,0.994636
2780,4,0.99903214
2781,4,0.99943846
2782,2,0.9993698
2783,4,0.93702555
2784,3,0.6791364
2785,3,0.99997056
2786,4,0.99999356
2787,3,0.9991235
2788,4,0.979982
2789,4,0.9998926
2790,0,0.99999964
2791,3,0.9775618
2792,3,0.9881423
2793,4,0.9994924
2794,3,0.99998593
2795,4,0.999671
2796,4,0.9999937
2797,4,0.9914757
2798,2,0.9999831
2799,4,0.999998
2800,4,0.99695766
2801,4,0.99991906
2802,3,0.9999976
2803,2,0.9829196
2804,3,0.99999964
2805,2,0.89604735
2806,4,0.9998288
2807,4,0.99999964
2808,4,0.77746665
2809,4,0.9998387
2810,4,0.9999461
2811,3,0.9919848
2812,4,0.9999362
2813,2,0.9859387
2814,4,0.9987054
2815,1,0.9999033
2816,4,0.90373796
2817,2,0.99995327
2818,4,0.9409939
2819,0,0.9999993
2820,4,0.9999981
2821,4,0.99998045
2822,4,0.99984014
2823,4,0.9789504
2824,2,0.99808925
2825,4,0.99989665
2826,3,0.99863726
2827,4,0.9999651
2828,2,0.99636865
2829,4,0.99926573
2830,4,0.99999607
2831,2,0.99993014
2832,4,0.999998
2833,4,0.99724895
2834,2,0.4645054
2835,3,0.99968684
2836,1,0.8009851
2837,2,0.9848134
2838,4,0.9469445
2839,4,0.9894294
2840,4,0.99981135
2841,4,0.9996074
2842,4,0.9999795
2843,3,0.49111733
2844,4,0.9999465
2845,4,0.9999311
2846,4,0.9997547
2847,4,0.9998574
2848,4,0.99995124
2849,4,0.9998721
2850,4,0.9998216
2851,4,0.9630485
2852,4,0.9999455
2853,2,0.983549
2854,3,0.99986136
2855,4,0.9994235
2856,4,0.8120579
2857,4,0.99676967
2858,4,0.65349424
2859,4,0.9991856
2860,4,0.99917907
2861,2,0.99996877
2862,4,0.5492969
2863,4,0.99712616
2864,4,0.9999223
2865,4,0.66862935
2866,1,0.8988755
2867,2,0.99998164
2868,2,0.99993014
2869,4,0.999694
2870,4,0.9985952
2871,4,0.9817524
2872,4,0.9991617
2873,3,0.99987495
2874,4,0.9952396
2875,4,0.99834645
2876,3,0.99935573
2877,4,0.99999416
2878,4,0.9990263
2879,4,0.9996561
2880,1,0.9860649
2881,4,0.9999777
2882,4,0.99998915
2883,1,0.95211613
2884,3,0.9999281
2885,4,0.98502696
2886,4,0.99996924
2887,2,0.9965683
2888,4,0.9994752
2889,4,0.9915378
2890,2,0.99957305
2891,3,0.99979883
2892,1,0.9998667
2893,4,0.9999654
2894,4,0.998793
2895,4,0.99070674
2896,4,0.98530513
2897,4,0.99722445
2898,4,0.99994385
2899,4,0.98271894
2900,4,0.99904317
2901,3,0.7364883
2902,2,0.5049162
2903,4,0.99971896
2904,4,0.9675202
2905,2,0.6355845
2906,3,0.9808368
2907,4,0.99996626
2908,2,0.73642236
2909,0,0.99999
2910,4,0.99325174
2911,3,0.597368
2912,2,0.65688163
2913,3,0.99910104
2914,3,0.9999995
2915,2,0.98001057
2916,4,0.96911097
2917,3,0.9145834
2918,4,0.99963176
2919,4,0.9999181
2920,4,0.9999118
2921,4,0.9984723
2922,4,0.9753534
2923,4,0.99706227
2924,4,0.99983823
2925,3,0.99883646
2926,4,0.9963928
2927,4,0.86667114
2928,4,0.9999727
2929,4,0.9968451
2930,4,0.9999802
2931,4,0.99994135
2932,2,0.99960667
2933,4,0.99973303
2934,3,0.9999385
2935,4,0.98172504
2936,1,0.9997074
2937,4,0.9999993
2938,4,0.99925977
2939,3,0.96972656
2940,3,0.9999962
2941,2,0.67944163
2942,4,0.999997
2943,4,0.99998856
2944,4,0.99998343
2945,4,0.9998934
2946,4,0.9990821
2947,3,0.97408026
2948,4,0.9999962
2949,4,0.9938128
2950,0,0.9922126
2951,4,0.85817355
2952,4,0.9780206
2953,4,0.9939885
2954,2,0.93109196
2955,4,0.9999443
2956,4,0.99993193
2957,4,0.99998736
2958,4,0.99986184
2959,3,0.87231123
2960,2,0.99997854
2961,4,0.9997695
2962,0,0.9910568
2963,2,0.91342443
2964,4,0.9999995
2965,4,0.99999416
2966,4,0.999998
2967,3,0.9918291
2968,4,0.9996419
2969,4,0.9999484
2970,3,0.9939913
2971,4,0.9989791
2972,2,0.9999994
2973,1,0.9999609
2974,3,0.968059
2975,3,0.5866145
2976,2,0.9993698
2977,4,0.88023335
2978,3,0.9996973
2979,3,0.48472628
2980,2,0.79707336
2981,3,0.9917601
2982,3,0.69478476
2983,4,0.999841
2984,4,0.9990833
2985,4,0.99695766
2986,4,0.98636985
2987,4,0.9721078
2988,4,0.9999964
2989,4,0.9999652
2990,4,0.9999975
2991,4,0.99211144
2992,2,0.9939301
2993,4,0.9979005
2994,4,0.9432955
2995,4,0.9999926
2996,4,0.9999578
2997,2,0.9999964
2998,4,0.9924582
2999,4,0.9990759
3000,4,0.99989307
3001,4,0.9988851
3002,4,0.9998516
3003,2,0.9853199
3004,3,0.9999995
3005,4,0.99975294
3006,1,0.99999964
3007,4,0.9584888
3008,3,0.99981195
3009,4,0.9999993
3010,4,0.99973327
3011,3,0.9999974
3012,4,0.9940339
3013,3,0.99771357
3014,4,0.9996074
3015,4,0.99995136
3016,4,0.99974424
3017,3,0.9999678
3018,4,0.99960965
3019,2,0.9999926
3020,3,0.8773219
3021,4,0.99994206
3022,4,0.99695766
3023,3,0.99953854
3024,4,0.9999578
3025,4,0.99999654
3026,4,0.99962974
3027,4,0.9997199
3028,3,0.9871005
3029,1,0.8459666
3030,4,0.9996013
3031,4,0.9999647
3032,4,0.9998934
3033,3,0.99856865
3034,4,0.99901855
3035,4,0.999998
3036,3,0.9848919
3037,4,0.9998975
3038,2,0.9808921
3039,4,0.8626121
3040,4,0.9994282
3041,4,0.9996631
3042,4,0.9990897
3043,4,0.9996748
3044,0,0.99999917
3045,3,0.59705806
3046,4,0.9997706
3047,2,0.9999949
3048,2,0.9889552
3049,4,0.99994946
3050,3,0.9998939
3051,4,0.9998128
3052,3,0.99487007
3053,4,0.9999844
3054,1,0.963262
3055,4,0.9999976
3056,3,0.9999969
3057,4,0.91754466
3058,4,0.9941064
3059,4,0.99994826
3060,4,0.9999933
3061,4,0.98839605
3062,2,0.9994289
3063,1,0.8577736
3064,0,0.99964035
3065,4,0.99555874
3066,2,0.9999875
3067,4,0.9995815
3068,0,0.58078086
3069,3,0.99764097
3070,2,0.99993014
3071,3,0.9970114
3072,3,0.8017544
3073,4,0.9992568
3074,4,0.9991321
3075,4,0.9988086
3076,2,0.9991341
3077,2,0.9993856
3078,3,0.99983716
3079,1,0.8873928
3080,1,0.9824959
3081,4,0.99999964
3082,2,0.9997646
3083,4,0.99864024
3084,2,0.99982625
3085,2,0.999987
3086,3,0.99616146
3087,2,0.55185205
3088,4,0.99999785
3089,4,0.99998426
3090,4,0.99981624
3091,3,0.98363703
3092,3,0.99998236
3093,4,0.9999887
3094,4,0.9999138
3095,4,0.70651597
3096,3,0.9199502
3097,4,0.9998572
3098,2,0.8469324
3099,2,0.99993014
3100,4,0.9997547
3101,2,0.916966
3102,4,0.9999672
3103,3,0.98959434
3104,4,0.99649894
3105,4,0.9997079
3106,4,0.9991617
3107,3,0.999869
3108,4,0.9997309
3109,2,0.99977726
3110,2,0.9489833
3111,3,0.8151622
3112,4,0.99695754
3113,4,0.99947995
3114,4,0.9998747
3115,2,0.8475409
3116,2,0.9999058
3117,4,0.9998988
3118,4,0.99981505
3119,4,0.5627091
3120,4,0.99923384
3121,4,0.999998
3122,4,0.99995184
3123,4,0.99998975
3124,4,0.99992466
3125,4,0.9955617
3126,3,0.8427644
3127,1,0.5563734
3128,2,0.98891675
3129,1,0.85456634
3130,4,0.9998248
3131,4,0.9999976
3132,4,0.9999813
3133,0,0.9998896
3134,0,0.91094714
3135,1,0.9290219
3136,4,0.99986553
3137,4,0.9996037
3138,3,0.9872814
3139,4,0.7774824
3140,4,0.8812611
3141,4,0.99999356
3142,3,0.8265584
3143,4,0.8703748
3144,4,0.9964057
3145,4,0.9995716
3146,4,0.9955778
3147,2,0.99992216
3148,4,0.99965966
3149,2,0.7806144
3150,3,0.99998593
3151,4,0.5972255
3152,4,0.9990152
3153,4,0.9993812
3154,3,0.9948561
3155,4,0.99698454
3156,3,0.9534455
3157,4,0.99638844
3158,4,0.99999416
3159,3,0.99999976
3160,4,0.9942967
3161,4,0.99992347
3162,3,0.9999943
3163,4,0.99999523
3164,4,0.9999981
3165,4,0.9999449
3166,2,0.99957305
3167,4,0.9999981
3168,3,0.9999956
3169,4,0.9998952
3170,4,0.9999652
3171,3,0.99998355
3172,4,0.99793255
3173,4,0.99991155
3174,2,0.99827456
3175,4,0.9999523
3176,4,0.9999901
3177,4,0.99998784
3178,4,0.99812704
3179,4,0.9986338
3180,4,0.999998
3181,3,0.99577326
3182,4,0.9999739
3183,4,0.9999846
3184,4,0.99999595
3185,4,0.994557
3186,4,0.97974133
3187,4,0.99996614
3188,2,0.7819553
3189,1,1.0
3190,2,0.99712306
3191,3,0.9975447
3192,1,0.99982625
3193,4,0.99999404
3194,4,0.99996054
3195,1,0.99993706
3196,3,0.97699946
3197,4,0.99975115
3198,4,0.9952944
3199,4,0.9992968
3200,3,0.99725807
3201,3,0.8602899
3202,2,0.5607519
3203,2,0.7570945
3204,3,0.8123956
3205,3,0.99999785
3206,4,0.9998392
3207,3,0.99995637
3208,2,0.9879815
3209,4,0.99977297
3210,4,0.99981135
3211,2,0.87336475
3212,3,0.53629196
3213,4,0.9999964
3214,3,0.98010695
3215,3,0.9971017
3216,2,0.9925687
3217,3,0.9746781
3218,4,0.9997583
3219,4,0.9998975
3220,4,0.9999685
3221,4,0.99581724
3222,4,0.99971896
3223,3,0.8659286
3224,3,0.9987758
3225,3,0.96550936
3226,3,0.99434185
3227,4,0.9869686
3228,4,0.9954482
3229,2,0.99997437
3230,3,0.5394445
3231,4,0.999925
3232,4,0.999841
3233,4,0.9740123
3234,2,0.9999901
3235,3,0.9999962
3236,4,0.9122438
3237,4,0.99981385
3238,4,0.9996339
3239,4,0.999998
3240,4,0.9999981
3241,4,0.9999368
3242,4,0.986986
3243,3,0.9407204
3244,3,0.9999777
3245,4,0.99863225
3246,1,0.9939367
3247,4,0.99990773
3248,4,0.9997491
3249,3,0.99967086
3250,4,0.9755117
3251,1,0.8605784
3252,4,0.6849639
3253,3,0.99863726
3254,3,0.99958557
3255,3,0.9999962
3256,4,0.9999925
3257,4,0.99957377
3258,2,0.5232616
3259,4,0.9996171
3260,4,0.9998031
3261,4,0.99973685
3262,1,0.99960345
3263,1,0.9053568
3264,3,0.99988973
3265,4,0.99999213
3266,4,0.9999981
3267,3,0.99982953
3268,4,0.9827908
3269,4,0.9999968
3270,4,0.99992645
3271,4,0.99995816
3272,4,0.9944237
3273,4,0.9998603
3274,4,0.99990034
3275,0,0.9999622
3276,4,0.99942493
3277,2,0.9999871
3278,4,0.999954
3279,4,0.7886771
3280,1,0.96673167
3281,3,0.99999833
3282,2,0.99997437
3283,4,0.99999154
3284,4,0.9999628
3285,4,0.9698953
3286,4,0.9999857
3287,4,0.99858934
3288,2,0.999871
3289,4,0.999928
3290,4,0.99982846
3291,4,0.99992955
3292,4,0.99982077
3293,1,0.99980146
3294,2,0.87428653
3295,3,0.99796045
3296,4,0.99695766
3297,1,0.9925839
3298,3,0.95368874
3299,4,0.99939966
3300,4,0.9994498
3301,4,0.9999485
3302,3,0.98458165
3303,2,0.7068259
3304,4,0.9998915
3305,2,0.9529764
3306,4,0.99923384
3307,4,0.60384524
3308,4,0.9992588
3309,4,0.94580024
3310,2,0.93303514
3311,4,0.98530626
3312,2,0.99928916
3313,0,0.9999938
3314,4,0.9997849
3315,0,0.9998969
3316,4,0.9993218
3317,0,0.99997723
3318,4,0.99982065
3319,2,0.9995517
3320,2,0.9516963
3321,1,0.99999
3322,1,0.99999964
3323,4,0.999998
3324,3,0.7963699
3325,4,0.979992
3326,2,0.99762565
3327,4,0.99999666
3328,3,0.9999995
3329,4,0.9996178
3330,3,0.9975471
3331,3,0.9999999
3332,2,0.9949886
3333,3,0.99951553
3334,2,0.9999968
3335,4,0.76282686
3336,2,0.82235765
3337,1,0.9999988
3338,1,0.99931407
3339,4,0.9999522
3340,4,0.9999442
3341,4,0.99993193
3342,4,0.9999877
3343,1,0.83681935
3344,4,0.9676645
3345,3,0.98428994
3346,4,0.9997714
3347,0,0.87597543
3348,4,0.99956673
3349,4,0.99999547
3350,2,0.99999845
3351,4,0.9999845
3352,3,0.828463
3353,3,0.914685
3354,4,0.999997
3355,2,0.99869776
3356,2,0.9999908
3357,3,0.9685508
3358,4,0.80382884
3359,4,0.47450817
3360,4,0.99999106
3361,3,0.9598374
3362,4,0.9996171
3363,3,0.9148096
3364,4,0.9680398
3365,4,0.99999535
3366,4,0.99509335
3367,3,0.96091443
3368,4,0.99975365
3369,4,0.9996214
3370,3,0.813405
3371,2,0.9777205
3372,3,0.8565527
3373,4,0.998013
3374,4,0.9986671
3375,2,0.999358
3376,4,0.99972993
3377,4,0.9998914
3378,4,0.99999785
3379,4,0.99566
3380,4,0.9962704
3381,4,0.99995565
3382,4,0.99998057
3383,4,0.9999925
3384,2,0.9884652
3385,4,0.9959363
3386,4,0.9999802
3387,3,0.7757493
3388,4,0.9999418
3389,4,0.999946
3390,4,0.9995352
3391,3,0.99807394
3392,4,0.99695766
3393,4,0.9883532
3394,4,0.99918574
3395,4,0.9999989
3396,4,0.9995652
3397,4,0.97462463
3398,4,0.9992792
3399,4,0.9999882
3400,4,0.999998
3401,3,0.998336
3402,4,0.99925977
3403,2,0.6498137
3404,2,0.9999863
3405,3,0.9999938
3406,3,0.9931496
3407,4,0.99675745
3408,3,0.78134185
3409,2,0.9999434
3410,4,0.99858934
3411,4,0.99999857
3412,4,0.99977297
3413,3,0.94763017
3414,2,0.99864465
3415,4,0.9984711
3416,4,0.9999993
3417,4,0.99999535
3418,3,0.9813415
3419,1,0.99889344
3420,2,0.8373958
3421,4,0.99967325
3422,4,0.8432597
3423,4,0.99957865
3424,2,0.5744329
3425,4,0.99994767
3426,2,0.96987593
3427,2,0.84937924
